"","county","job_opening_rate"
"1","addison",2.16313863541618
"2","bennington",5.74363505826476
"3","caledonia",2.34744707347447
"4","chittenden",4.80063654849262
"5","essex",0.369139904023625
"6","franklin",2.59687786960514
"7","grand isle",0.252525252525253
"8","lamoille",1.66106514994829
"9","orange",1.05616302186879
"10","orleans",2.54734987520188
"11","rutland",4.62114494038822
"12","washington",14.2069550466497
"13","windham",1.98927313480628
"14","windsor",2.71851681404293
